"0","normalized_corr_matrix <- read_csv(""microbe_gene_count_normalized_matrix.csv"")
"
"2","[1mRows: [22m[34m587[39m [1mColumns: [22m[34m663[39m"
"2","[36mâ”€â”€[39m [1mColumn specification[22m [36mâ”€â”€â”€â”€â”€â”€â”€â”€â”€â”€â”€â”€â”€â”€â”€â”€â”€â”€â”€â”€â”€â”€â”€â”€â”€â”€â”€â”€â”€â”€â”€â”€â”€â”€â”€â”€â”€â”€â”€â”€â”€â”€â”€â”€â”€â”€â”€â”€â”€â”€â”€â”€â”€â”€â”€â”€â”€â”€â”€â”€â”€â”€â”€â”€â”€â”€â”€â”€â”€â”€â”€â”€â”€â”€â”€â”€â”€â”€â”€â”€â”€â”€â”€â”€â”€â”€â”€â”€â”€â”€â”€â”€â”€â”€â”€â”€â”€â”€â”€â”€â”€â”€â”€â”€â”€â”€â”€â”€â”€â”€â”€â”€â”€â”€â”€â”€â”€â”€â”€â”€â”€â”€â”€â”€â”€â”€â”€â”€â”€â”€â”€â”€â”€â”€â”€â”€â”€â”€â”€â”€â”€â”€â”€â”€â”€â”€â”€â”€â”€â”€â”€â”€â”€â”€â”€â”€â”€â”€â”€â”€â”€â”€â”€â”€[39m
[1mDelimiter:[22m "",""
[31mchr[39m   (1): feature
[32mdbl[39m (662): ABC transporters, AGE-RAGE signaling pathway in diabetic complications, AMPK signaling pathway, ATF-like basic leucine zipper transcriptional factor, ATP-binding cassette, s..."
"2","
[36mâ„¹[39m Use `spec()` to retrieve the full column specification for this data.
[36mâ„¹[39m Specify the column types or set `show_col_types = FALSE` to quiet this message."
